{
  "main": {
    "id": "4e379bb83220e2d0",
    "type": "split",
    "children": [
      {
        "id": "6016ee865cf90d4a",
        "type": "tabs",
        "children": [
          {
            "id": "aafd9ccdbcced8dd",
            "type": "leaf",
            "state": {
              "type": "markdown",
              "state": {
                "file": "Goal Dashboard.md",
                "mode": "preview",
                "source": false
              }
            }
          }
        ],
        "stacked": true
      }
    ],
    "direction": "vertical"
  },
  "left": {
    "id": "479b38c9a2bb9f20",
    "type": "split",
    "children": [
      {
        "id": "1e2032153389759a",
        "type": "tabs",
        "children": [
          {
            "id": "900c60ab34d2f80d",
            "type": "leaf",
            "state": {
              "type": "file-explorer",
              "state": {
                "sortOrder": "alphabetical"
              }
            }
          },
          {
            "id": "0d6c85231a963118",
            "type": "leaf",
            "state": {
              "type": "search",
              "state": {
                "query": "tasks",
                "matchingCase": false,
                "explainSearch": false,
                "collapseAll": false,
                "extraContext": false,
                "sortOrder": "alphabetical"
              }
            }
          },
          {
            "id": "6fc1ead91250920b",
            "type": "leaf",
            "state": {
              "type": "bookmarks",
              "state": {}
            }
          }
        ]
      }
    ],
    "direction": "horizontal",
    "width": 300
  },
  "right": {
    "id": "e52d8fffb35d0cad",
    "type": "split",
    "children": [
      {
        "id": "47ffcb27f78d6075",
        "type": "tabs",
        "children": [
          {
            "id": "278e2947c3202660",
            "type": "leaf",
            "state": {
              "type": "backlink",
              "state": {
                "file": "Goal Dashboard.md",
                "collapseAll": false,
                "extraContext": false,
                "sortOrder": "alphabetical",
                "showSearch": false,
                "searchQuery": "",
                "backlinkCollapsed": false,
                "unlinkedCollapsed": true
              }
            }
          },
          {
            "id": "45d83c2d224c0b57",
            "type": "leaf",
            "state": {
              "type": "outgoing-link",
              "state": {
                "file": "Goal Dashboard.md",
                "linksCollapsed": false,
                "unlinkedCollapsed": true
              }
            }
          },
          {
            "id": "4dc9eedf979349d0",
            "type": "leaf",
            "state": {
              "type": "tag",
              "state": {
                "sortOrder": "frequency",
                "useHierarchy": true
              }
            }
          },
          {
            "id": "4a4de0ae20100675",
            "type": "leaf",
            "state": {
              "type": "outline",
              "state": {
                "file": "Goal Dashboard.md"
              }
            }
          },
          {
            "id": "fbdd3ed8c902d751",
            "type": "leaf",
            "state": {
              "type": "calendar",
              "state": {}
            }
          },
          {
            "id": "8622f3337d1b74a6",
            "type": "leaf",
            "state": {
              "type": "all-properties",
              "state": {
                "sortOrder": "frequency",
                "showSearch": false,
                "searchQuery": ""
              }
            }
          },
          {
            "id": "83b08f57d533be37",
            "type": "leaf",
            "state": {
              "type": "file-properties",
              "state": {
                "file": "Goal Dashboard.md"
              }
            }
          }
        ],
        "currentTab": 4
      },
      {
        "id": "3610dd2fbd22832b",
        "type": "tabs",
        "children": [
          {
            "id": "024f9e6f5c5f1d3c",
            "type": "leaf",
            "pinned": true,
            "state": {
              "type": "markdown",
              "state": {
                "file": "Tasks/Task Dashboard.md",
                "mode": "preview",
                "source": false
              },
              "pinned": true
            }
          }
        ]
      }
    ],
    "direction": "horizontal",
    "width": 299.5,
    "collapsed": true
  },
  "left-ribbon": {
    "hiddenItems": {
      "switcher:Open quick switcher": false,
      "graph:Open graph view": false,
      "canvas:Create new canvas": false,
      "daily-notes:Open today's daily note": false,
      "templates:Insert template": false,
      "command-palette:Open command palette": false,
      "templater-obsidian:Templater": false,
      "obsidian42-brat:BRAT": false,
      "card-board:CardBoard": false,
      "periodic-notes:Open today": false,
      "homepage:Open homepage": false
    }
  },
  "active": "900c60ab34d2f80d",
  "lastOpenFiles": [
    "My Homepage.md",
    "Goal Dashboard.md",
    "Heatmap Calendar Demo.md",
    "Life Progress Bar.md",
    "Obsidian Commands.md",
    "Untitled.md",
    "Project 1.md",
    "Tasks/Tasks Calendar.md",
    "Tasks/Task Dashboard.md",
    "Habit Tracking Demo.md",
    "Templates/Weekly Note Temp.md",
    "Review/Weekly/2023-51.md",
    "Review/Weekly/2023-52.md",
    "Review/Daily/2023-12-29.md",
    "Templates/Daily Note Temp.md",
    "Review/Daily/2023-12-30.md",
    "Templates/Goals Temp.md",
    "Review/Goals/Gain 20 Kgs Weight.md",
    "Templates/slidertemplate.md",
    "Dashboardas.md",
    "Meta Bind Buttons.md",
    "Tasks/Timeline/view.js",
    "Tasks/Timeline/view.css",
    "Tasks/Calendar/view.js",
    "Tasks/Calendar/view.css",
    "Tasks/Timeline",
    "Tasks/Calendar",
    "Tasks",
    "Review/Weekly/2023-50.md",
    "Review/Daily/2023-12-13.md",
    "Review/Daily/2023-12-24.md",
    "Review/Weekly/2023-W52.md",
    "Review/Daily/2023-12-28.md",
    "Review/Goals",
    "Review/Quartarly",
    "Review/Weekly"
  ]
}